"ID","Name","Short description","Description","Images","Attribute 1 name","Attribute 1 value(s)","Attribute 1 visible","Attribute 1 global","Meta: _doralashab_sqc_source_id","Meta: _doralashab_sqc_source_url"
"52","تحفيز التفكير الابتكاري","<p>يتناول الابتكار بوصفه قدرة مؤسسية قابلة للبناء والتقييم. يشرح أنواعه وثقافته، ويعرض أدوات تساعد على قياس استعداد المنظمة للابتكار ونضج ممارساتها.</p>","<p>يتناول الابتكار بوصفه قدرة مؤسسية قابلة للبناء والتقييم. يشرح أنواعه وثقافته، ويعرض أدوات تساعد على قياس استعداد المنظمة للابتكار ونضج ممارساتها.</p>","https://cdn.salla.sa/vEbEA/lhwFFnMNapCJIbLUKhrHyXSbNX9zCwKLwuOlK2Ab.jpg","المؤلف","محمد زايري","1","0","1536533419","https://sqc-store.com/ar/%D9%83%D8%AA%D8%A7%D8%A8-%D9%88%D8%B1%D9%82%D9%8A-%D8%AA%D8%AD%D9%81%D9%8A%D8%B2-%D8%A7%D9%84%D8%AA%D9%81%D9%83%D9%8A%D8%B1-%D8%A7%D9%84%D8%A7%D8%A8%D8%AA%D9%83%D8%A7%D8%B1%D9%8A/p1536533419"
"49","تحفيز التركيز على أصحاب المصلحة","<p>يتناول تحديد أصحاب المصلحة داخل المنظمة وخارجها، وتحليل أثرهم وتوقعاتهم. ويبحث سبل التواصل معهم وإشراكهم، وعلاقة ذلك بأخلاقيات العمل والمسؤولية المجتمعية.</p>","<p>يتناول تحديد أصحاب المصلحة داخل المنظمة وخارجها، وتحليل أثرهم وتوقعاتهم. ويبحث سبل التواصل معهم وإشراكهم، وعلاقة ذلك بأخلاقيات العمل والمسؤولية المجتمعية.</p>","https://cdn.salla.sa/vEbEA/HtHJtJBHMKzL5VLYf0eRjAa572w9HXMOltHrnabL.jpg","المؤلف","محمد زايري","1","0","480268386","https://sqc-store.com/ar/%D9%83%D8%AA%D8%A7%D8%A8-%D9%88%D8%B1%D9%82%D9%8A-%D8%AA%D8%AD%D9%81%D9%8A%D8%B2-%D8%A7%D9%84%D8%AA%D8%B1%D9%83%D9%8A%D8%B2-%D8%B9%D9%84%D9%89-%D8%A3%D8%B5%D8%AD%D8%A7%D8%A8-%D8%A7%D9%84%D9%85%D8%B5%D9%84%D8%AD%D8%A9/p480268386"
"55","تحفيز التمركز حول العميل","<p>يبحث في بناء منظمة تجعل العميل محور قراراتها وعملياتها. يتناول إدارة تجربة العميل والاستفادة من المعلومات والمقترحات والشكاوى في تطوير الخدمات والابتكار.</p>","<p>يبحث في بناء منظمة تجعل العميل محور قراراتها وعملياتها. يتناول إدارة تجربة العميل والاستفادة من المعلومات والمقترحات والشكاوى في تطوير الخدمات والابتكار.</p>","https://cdn.salla.sa/vEbEA/GuZxDYOO9FYnUuQU0Gh5H7s3YjeTo3d2oSTFQWmI.jpg","المؤلف","محمد زايري","1","0","473744856","https://sqc-store.com/ar/%D9%83%D8%AA%D8%A7%D8%A8-%D9%88%D8%B1%D9%82%D9%8A-%D8%AA%D8%AD%D9%81%D9%8A%D8%B2-%D8%A7%D9%84%D8%AA%D9%85%D8%B1%D9%83%D8%B2-%D8%AD%D9%88%D9%84-%D8%A7%D9%84%D8%B9%D9%85%D9%8A%D9%84/p473744856"
"28","كنوز من السنة والقرآن في الجودة والإحسان","<p>يربط جمال أغريب مبادئ الجودة والإتقان والإحسان بتوجيهات القرآن الكريم والسنة النبوية، ويصل بينها وبين مفاهيم إدارة الجودة وتطبيقاتها المهنية.</p>","<p>يربط جمال أغريب مبادئ الجودة والإتقان والإحسان بتوجيهات القرآن الكريم والسنة النبوية، ويصل بينها وبين مفاهيم إدارة الجودة وتطبيقاتها المهنية.</p>","https://cdn.salla.sa/vEbEA/tG1uWUg5uxfdBCt6eWcNXactGA2umO53ljTzA0yK.jpg","المؤلف","جمال اغريب","1","0","813749780","https://sqc-store.com/ar/%D9%83%D8%AA%D8%A7%D8%A8-%D9%88%D8%B1%D9%82%D9%8A-%D9%83%D9%86%D9%88%D8%B2-%D9%85%D9%86-%D8%A7%D9%84%D8%B3%D9%86%D8%A9-%D9%88%D8%A7%D9%84%D9%82%D8%B1%D8%A2%D9%86-%D9%81%D9%8A-%D8%A7%D9%84%D8%AC%D9%80%D9%88%D8%AF%D8%A9-%D9%88%D8%A7%D9%84%D8%A5%D8%AD%D8%B3%D8%A7%D9%86/p813749780"
"88","هل الجودة هي الجانب المشرق لأزماتنا الحالية والمستقبلية ؟","<p>يبحث في دور الجودة في تحسين الحياة ومواجهة الأزمات، مع تناول التجربة اليابانية وآثار جائحة كورونا. يعرض محمد زايري أفكاره عبر سبعة وعشرين فصلًا موزعة على أربعة أجزاء.</p>","<p>يبحث في دور الجودة في تحسين الحياة ومواجهة الأزمات، مع تناول التجربة اليابانية وآثار جائحة كورونا. يعرض محمد زايري أفكاره عبر سبعة وعشرين فصلًا موزعة على أربعة أجزاء.</p>","https://cdn.salla.sa/vEbEA/hHYAiuFHxPYF90m4a1MEJSN8sSKm6wUoa0SlH291.jpg","المؤلف","محمد زايري","1","0","2045987162","https://sqc-store.com/ar/%D9%83%D8%AA%D8%A7%D8%A8-%D9%88%D8%B1%D9%82%D9%8A-%D9%87%D9%84-%D8%A7%D9%84%D8%AC%D9%88%D8%AF%D8%A9-%D9%87%D9%8A-%D8%A7%D9%84%D8%AC%D8%A7%D9%86%D8%A8-%D8%A7%D9%84%D9%85%D8%B4%D8%B1%D9%82-%D9%84%D8%A3%D8%B2%D9%85%D8%A7%D8%AA%D9%86%D8%A7-%D8%A7%D9%84%D8%AD%D8%A7%D9%84%D9%8A%D8%A9-%D9%88%D8%A7%D9%84%D9%85%D8%B3%D8%AA%D9%82%D8%A8%D9%84%D9%8A%D8%A9-%D8%9F/p2045987162"
"58","جعل النزاهة رخصة للقيادة المؤسسية","<p>يتناول النزاهة بوصفها أساسًا للقيادة والثقة والتأثير الإيجابي. ويعرض مدخلًا للتقييم الذاتي يساعد القيادات على مراجعة التزامها بهذه القيمة في إدارة المنظمات واتخاذ القرارات.</p>","<p>يتناول النزاهة بوصفها أساسًا للقيادة والثقة والتأثير الإيجابي. ويعرض مدخلًا للتقييم الذاتي يساعد القيادات على مراجعة التزامها بهذه القيمة في إدارة المنظمات واتخاذ القرارات.</p>","https://cdn.salla.sa/vEbEA/GwWYP5cTpXA0HyxB1JQSYEQs45lWGk6HKzZlnEQG.jpg","المؤلف","محمد زايري","1","0","2093295259","https://sqc-store.com/ar/%D9%83%D8%AA%D8%A7%D8%A8-%D9%88%D8%B1%D9%82%D9%8A-%D8%AC%D8%B9%D9%84-%D8%A7%D9%84%D9%86%D8%B2%D8%A7%D9%87%D8%A9-%D8%B1%D8%AE%D8%B5%D8%A9-%D9%84%D9%84%D9%82%D9%8A%D8%A7%D8%AF%D8%A9-%D8%A7%D9%84%D9%85%D8%A4%D8%B3%D8%B3%D9%8A%D8%A9/p2093295259"
"40","الرحلة العظيمة للجودة في كوريا الجنوبية","<p>يعرض تجربة كوريا الجنوبية في تطوير جودة منتجاتها وقدرتها التنافسية. ينقل وان سون شين جوانب من هذه الرحلة وممارساتها إلى القارئ العربي من خلال ترجمة أعدها المجلس السعودي للجودة.</p>","<p>يعرض تجربة كوريا الجنوبية في تطوير جودة منتجاتها وقدرتها التنافسية. ينقل وان سون شين جوانب من هذه الرحلة وممارساتها إلى القارئ العربي من خلال ترجمة أعدها المجلس السعودي للجودة.</p>","https://cdn.salla.sa/vEbEA/GE9tjmsXjgvqefNaSAHMcH02vg7xEeQpBHQxKiKI.jpg","المؤلف","وان سون شين","1","0","1870162638","https://sqc-store.com/ar/%D9%83%D8%AA%D8%A7%D8%A8-%D9%88%D8%B1%D9%82%D9%8A-%D8%A7%D9%84%D8%B1%D8%AD%D9%84%D8%A9-%D8%A7%D9%84%D8%B9%D8%B8%D9%8A%D9%85%D8%A9-%D9%84%D9%84%D8%AC%D9%88%D8%AF%D8%A9-%D9%81%D9%8A-%D9%83%D9%88%D8%B1%D9%8A%D8%A7-%D8%A7%D9%84%D8%AC%D9%86%D9%88%D8%A8%D9%8A%D8%A9/p1870162638"
"43","خمسون مقالا في إدارة الجودة والتميز المؤسسي","<p>مجموعة من خمسين مقالًا لعوض سالم الحربي حول الجودة والتميز المؤسسي. تجمع بين مناقشة المفاهيم والتجارب والقضايا المهنية، وتخاطب المهتمين بالمجال والممارسين فيه.</p>","<p>مجموعة من خمسين مقالًا لعوض سالم الحربي حول الجودة والتميز المؤسسي. تجمع بين مناقشة المفاهيم والتجارب والقضايا المهنية، وتخاطب المهتمين بالمجال والممارسين فيه.</p>","https://cdn.salla.sa/vEbEA/43j6MGClyRIh7uGZWSD6xgSlC7LsYPf5VKF7204m.jpg","المؤلف","عوض سالم الحربي","1","0","1718524461","https://sqc-store.com/ar/%D9%83%D8%AA%D8%A7%D8%A8-%D9%88%D8%B1%D9%82%D9%8A-%D8%AE%D9%85%D8%B3%D9%88%D9%86-%D9%85%D9%82%D8%A7%D9%84%D8%A7%D9%8B-%D9%81%D9%8A-%D8%A5%D8%AF%D8%A7%D8%B1%D8%A9-%D8%A7%D9%84%D8%AC%D9%88%D8%AF%D8%A9-%D9%88%D8%A7%D9%84%D8%AA%D9%85%D9%8A%D8%B2-%D8%A7%D9%84%D9%85%D8%A4%D8%B3%D8%B3%D9%8A/p1718524461"
"74","دليل المسؤولية المجتمعية","<p>دليل في المسؤولية المجتمعية وأثرها في التنمية المستدامة. يتناول المبادئ والممارسات والمواصفات المرتبطة بها، ومنها ISO 26000، ويصل بين مسؤولية المنظمة والقيم الأخلاقية وخدمة المجتمع.</p>","<p>دليل في المسؤولية المجتمعية وأثرها في التنمية المستدامة. يتناول المبادئ والممارسات والمواصفات المرتبطة بها، ومنها ISO 26000، ويصل بين مسؤولية المنظمة والقيم الأخلاقية وخدمة المجتمع.</p>","https://cdn.salla.sa/vEbEA/Ghcm7mM0ZjiRDwWBQ0c6jOq1pi9g5u95r4bYycUh.jpg","المؤلف","سعيد الزهراني, أمجد خليفة","1","0","271268518","https://sqc-store.com/ar/%D9%83%D8%AA%D8%A7%D8%A8-%D9%88%D8%B1%D9%82%D9%8A-%D8%AF%D9%84%D9%8A%D9%84-%D8%A7%D9%84%D9%85%D8%B3%D8%A4%D9%88%D9%84%D9%8A%D8%A9-%D8%A7%D9%84%D9%85%D8%AC%D8%AA%D9%85%D8%B9%D9%8A%D8%A9/p271268518"
"92","الجودة والتميز في التعليم","<p>يناقش تطوير التعليم العام من منظور الجودة والتميز المؤسسي، مستفيدًا من التجربة الماليزية ومقارنتها بواقع التعليم في المملكة العربية السعودية وعوامل تطويره.</p>","<p>يناقش تطوير التعليم العام من منظور الجودة والتميز المؤسسي، مستفيدًا من التجربة الماليزية ومقارنتها بواقع التعليم في المملكة العربية السعودية وعوامل تطويره.</p>","https://cdn.salla.sa/vEbEA/3ojdrcATQecMmo8PTU6GxKkT80QxJ8fx6x3LtHag.jpg","المؤلف","عدنان بن أحمد الورثان","1","0","17645018","https://sqc-store.com/ar/%D9%83%D8%AA%D8%A7%D8%A8-%D9%88%D8%B1%D9%82%D9%8A-%D8%A7%D9%84%D8%AC%D9%88%D8%AF%D8%A9-%D9%88%D8%A7%D9%84%D8%AA%D9%85%D9%8A%D8%B2-%D9%81%D9%8A-%D8%A7%D9%84%D8%AA%D8%B9%D9%84%D9%8A%D9%85/p17645018"
"70","دليلك إلى تحقيق النجاح المستدام لمنشأتك ISO 9004 : 2009","<p>دليل لتحقيق النجاح المستدام للمنشأة وفق ISO 9004:2009، من إعداد سعيد الزهراني وأمجد خليفة، ضمن إصدارات المجلس السعودي للجودة.</p>","<p>دليل لتحقيق النجاح المستدام للمنشأة وفق ISO 9004:2009، من إعداد سعيد الزهراني وأمجد خليفة، ضمن إصدارات المجلس السعودي للجودة.</p>","https://cdn.salla.sa/vEbEA/CYsgadTQNC3eoRjyuIi0cq1SuG02EuOQCRn2AFJm.jpg","المؤلف","سعيد الزهراني, أمجد خليفة","1","0","904124863","https://sqc-store.com/ar/%D9%83%D8%AA%D8%A7%D8%A8-%D9%88%D8%B1%D9%82%D9%8A-%D8%AF%D9%84%D9%8A%D9%84%D9%83-%D8%A5%D9%84%D9%89-%D8%AA%D8%AD%D9%82%D9%8A%D9%82-%D8%A7%D9%84%D9%86%D8%AC%D8%A7%D8%AD-%D8%A7%D9%84%D9%85%D9%8F%D8%B3%D8%AA%D8%AF%D8%A7%D9%85-%D9%84%D9%85%D9%86%D8%B4%D8%A3%D8%AA%D9%83/p904124863"
"22","كوكب الجودة رحلة الجودة في بلاد الجودة","<p>كتاب «كوكب الجودة: رحلة الجودة في بلاد الجودة» لعوض سالم الحربي، من إصدارات المجلس السعودي للجودة، في موضوع الجودة وثقافتها.</p>","<p>كتاب «كوكب الجودة: رحلة الجودة في بلاد الجودة» لعوض سالم الحربي، من إصدارات المجلس السعودي للجودة، في موضوع الجودة وثقافتها.</p>","https://cdn.salla.sa/vEbEA/7REWu8K6pi6Yg30aymWgu7V9kjTn4mdhD0c9CovZ.jpg","المؤلف","عوض سالم الحربي","1","0","1214288415","https://sqc-store.com/ar/%D9%83%D8%AA%D8%A7%D8%A8-%D9%88%D8%B1%D9%82%D9%8A-%D9%83%D9%88%D9%83%D8%A8-%D8%A7%D9%84%D8%AC%D9%88%D8%AF%D8%A9-%D8%B1%D8%AD%D9%84%D8%A9-%D8%A7%D9%84%D8%AC%D9%88%D8%AF%D8%A9-%D9%81%D9%8A-%D8%A8%D9%84%D8%A7%D8%AF-%D8%A7%D9%84%D8%AC%D9%88%D8%AF%D8%A9/p1214288415"
"34","فاست أسلوب التحسين السريع للعمليات","<p>كتاب «فاست: أسلوب التحسين السريع للعمليات» لجيمس هارينجتون، من إصدارات المجلس السعودي للجودة، في موضوع تطوير العمليات وتحسينها.</p>","<p>كتاب «فاست: أسلوب التحسين السريع للعمليات» لجيمس هارينجتون، من إصدارات المجلس السعودي للجودة، في موضوع تطوير العمليات وتحسينها.</p>","https://cdn.salla.sa/vEbEA/4ayE6yFzN9iwe3VQ9RtBcgA2mHtdJ1Mm7yvaOlYf.jpg","المؤلف","جيمس هارينجتون","1","0","1622344965","https://sqc-store.com/ar/%D9%83%D8%AA%D8%A7%D8%A8-%D9%88%D8%B1%D9%82%D9%8A-%D9%81%D8%A7%D8%B3%D8%AA-%D8%A3%D8%B3%D9%84%D9%88%D8%A8-%D8%A7%D9%84%D8%AA%D8%AD%D8%B3%D9%8A%D9%86-%D8%A7%D9%84%D8%B3%D8%B1%D9%8A%D8%B9-%D9%84%D9%84%D8%B9%D9%85%D9%84%D9%8A%D8%A7%D8%AA/p1622344965"
"64","أطلس نظام إدارة السلامة والصحة المهنية OHSAS 18001 : 2007","<p>أطلس لسعيد الزهراني وأمجد خليفة في نظام إدارة السلامة والصحة المهنية وفق OHSAS 18001:2007. يحمل هذا الإصدار رقم المواصفة وسنتها كما يظهران على غلافه.</p>","<p>أطلس لسعيد الزهراني وأمجد خليفة في نظام إدارة السلامة والصحة المهنية وفق OHSAS 18001:2007. يحمل هذا الإصدار رقم المواصفة وسنتها كما يظهران على غلافه.</p>","https://cdn.salla.sa/vEbEA/6UtYQoYwEgLnJnu0TxErlNXvWIo6ZoIdoUIedoiN.jpg","المؤلف","سعيد الزهراني, أمجد خليفة","1","0","933630517","https://sqc-store.com/ar/%D8%A3%D8%B7%D9%84%D8%B3-%D9%86%D8%B8%D8%A7%D9%85-%D8%A5%D8%AF%D8%A7%D8%B1%D8%A9-%D8%A7%D9%84%D8%B3%D9%84%D8%A7%D9%85%D8%A9-%D9%88%D8%A7%D9%84%D8%B5%D8%AD%D8%A9-%D8%A7%D9%84%D9%85%D9%87%D9%86%D9%8A%D8%A9/p933630517"
"25","الدليل العملي للتحسين المستمر للعمليات باستخدام الأدوات السبع للإدارة والتخطيط","<p>دليل لمحمد أحمد عيشوني في التحسين المستمر للعمليات باستخدام الأدوات السبع للإدارة والتخطيط. وهو إصدار مستقل عن كتاب الأدوات الأساسية السبع للجودة.</p>","<p>دليل لمحمد أحمد عيشوني في التحسين المستمر للعمليات باستخدام الأدوات السبع للإدارة والتخطيط. وهو إصدار مستقل عن كتاب الأدوات الأساسية السبع للجودة.</p>","https://cdn.salla.sa/vEbEA/W2OOVRjgjcHA5oH6z4Z0LIAxCI1iXr3XW4spKMpI.jpg","المؤلف","محمد أحمد عيشوني","1","0","1613959636","https://sqc-store.com/ar/%D8%A7%D9%84%D8%AF%D9%84%D9%8A%D9%84-%D8%A7%D9%84%D8%B9%D9%85%D9%84%D9%8A-%D9%84%D9%84%D8%AA%D8%AD%D8%B3%D9%8A%D9%86-%D8%A7%D9%84%D9%85%D8%B3%D8%AA%D9%85%D8%B1-%D9%84%D9%84%D8%B9%D9%85%D9%84%D9%8A%D8%A7%D8%AA-%D8%A8%D8%A7%D8%B3%D8%AA%D8%AE%D8%AF%D8%A7%D9%85-%D8%A7%D9%84%D8%A3%D8%AF%D9%88%D8%A7%D8%AA-%D8%A7%D9%84%D8%B3%D8%A8%D8%B9-%D9%84%D9%84%D8%A5%D8%AF%D8%A7%D8%B1%D8%A9-%D9%88%D8%A7%D9%84%D8%AA%D8%AE%D8%B7%D9%8A%D8%B7/p1613959636"
"37","الدليل العملي لنظم إدارة الجودة والتدقيق الداخلي الأيزو 9001:2008","<p>دليل لهاني بن عبدالرحمن العمري في نظم إدارة الجودة والتدقيق الداخلي وفق ISO 9001:2008، ضمن إصدارات المجلس السعودي للجودة.</p>","<p>دليل لهاني بن عبدالرحمن العمري في نظم إدارة الجودة والتدقيق الداخلي وفق ISO 9001:2008، ضمن إصدارات المجلس السعودي للجودة.</p>","https://cdn.salla.sa/vEbEA/z64Ezk4JNLqZ88EidASHBCgiHB4nWMiszIsFBx29.jpg","المؤلف","هاني بن عبدالرحمن العمري","1","0","1743481069","https://sqc-store.com/ar/%D8%A7%D9%84%D8%AF%D9%84%D9%8A%D9%84-%D8%A7%D9%84%D8%B9%D9%84%D9%85%D9%8A-%D9%84%D9%86%D8%B8%D9%85-%D8%A5%D8%AF%D8%A7%D8%B1%D8%A9-%D8%A7%D9%84%D8%AC%D9%88%D8%AF%D8%A9-%D9%88%D8%A7%D9%84%D8%AA%D8%AF%D9%82%D9%8A%D9%82-%D8%A7%D9%84%D8%AF%D8%A7%D8%AE%D9%84%D9%8A/p1743481069"
"67","أطلس نظام الإدارة البيئية ISO 14001 : 2004","<p>أطلس لسعيد الزهراني وأمجد خليفة في نظام الإدارة البيئية وفق ISO 14001:2004، ضمن إصدارات المجلس السعودي للجودة. يشير الرقم إلى إصدار المواصفة الذي يتناوله الكتاب.</p>","<p>أطلس لسعيد الزهراني وأمجد خليفة في نظام الإدارة البيئية وفق ISO 14001:2004، ضمن إصدارات المجلس السعودي للجودة. يشير الرقم إلى إصدار المواصفة الذي يتناوله الكتاب.</p>","https://cdn.salla.sa/vEbEA/dtUd6TPC0LJrOGYWhmIh9IQU7aEGDpJbgVSKUius.jpg","المؤلف","سعيد الزهراني, أمجد خليفة","1","0","2102488386","https://sqc-store.com/ar/%D8%A3%D8%B7%D9%84%D8%B3-%D9%86%D8%B8%D8%A7%D9%85-%D8%A7%D9%84%D8%A5%D8%AF%D8%A7%D8%B1%D8%A9-%D8%A7%D9%84%D8%A8%D9%8A%D8%A6%D9%8A%D8%A9-iso-14001-2004/p2102488386"
"61","أطلس مراجعة نظم الإدارة ISO 19011 : 2011","<p>أطلس لسعيد الزهراني وأمجد خليفة في مراجعة نظم الإدارة وفق ISO 19011:2011، ضمن إصدارات المجلس السعودي للجودة. يشير الرقم إلى إصدار المواصفة الذي يتناوله الكتاب.</p>","<p>أطلس لسعيد الزهراني وأمجد خليفة في مراجعة نظم الإدارة وفق ISO 19011:2011، ضمن إصدارات المجلس السعودي للجودة. يشير الرقم إلى إصدار المواصفة الذي يتناوله الكتاب.</p>","https://cdn.salla.sa/vEbEA/2CuaBIlFq47Z7ZFYtkPt3a8158Xl412ED2lBMqRK.jpg","المؤلف","سعيد الزهراني, أمجد خليفة","1","0","410345926","https://sqc-store.com/ar/%D8%A3%D8%B7%D9%84%D8%B3-%D9%85%D8%B1%D8%A7%D8%AC%D8%B9%D8%A9-%D9%86%D8%B8%D9%85-%D8%A7%D9%84%D8%A5%D8%AF%D8%A7%D8%B1%D8%A9-iso-19011-2011/p410345926"
