"Type","SKU","Name","Published","Visibility in catalog","In stock?","Stock","Backorders allowed?","Short description","Description","Images","Categories","Attribute 1 name","Attribute 1 value(s)","Attribute 1 visible","Attribute 1 global","Meta: _doralashab_pages","Meta: _doralashab_sqc_source_id","Meta: _doralashab_sqc_source_url"
"simple","SQC-661778100-P","إدارة الجودة والتميز المؤسسي في الأوقاف","-1","hidden","0","0","0","<p>مرجع لتطوير أداء المؤسسات الوقفية من خلال الجودة والتميز المؤسسي. يتناول التخطيط والتطوير والشراكات وقياس الأداء، مع تطبيقات تساعد القائمين على الأوقاف على تحسين العمل واستدامة أثره المجتمعي.</p>","<p>مرجع لتطوير أداء المؤسسات الوقفية من خلال الجودة والتميز المؤسسي. يتناول التخطيط والتطوير والشراكات وقياس الأداء، مع تطبيقات تساعد القائمين على الأوقاف على تحسين العمل واستدامة أثره المجتمعي.</p>","https://cdn.salla.sa/vEbEA/c5cd72b0-cc0f-48b5-83c6-d4fc69cd1110-750.08x1000-zdz4iByM9iuMH2HjNtD5IoUzLunS7wTV6O2dAZ7X.jpg","إصدارات المجلس السعودي للجودة","المؤلف","عبدالله عبدالقادر تركستاني","1","0","251","661778100","https://sqc-store.com/ar/%D9%83%D8%AA%D8%A7%D8%A8-%D9%88%D8%B1%D9%82%D9%8A-%D8%A5%D8%AF%D8%A7%D8%B1%D8%A9-%D8%A7%D9%84%D8%AC%D9%88%D8%AF%D8%A9-%D9%88%D8%A7%D9%84%D8%AA%D9%85%D9%8A%D8%B2-%D8%A7%D9%84%D9%85%D8%A4%D8%B3%D8%B3%D9%8A-%D9%81%D9%8A-%D8%A7%D9%84%D8%A3%D9%88%D9%82%D8%A7%D9%81/p661778100"
"simple","SQC-1824017480-P","في عمق الأزمة (المستقبل الغامض لمهنة الجودة)","-1","hidden","0","0","0","<p>يناقش محمد زايري مستقبل مهنة الجودة في بيئة تتغير بفعل التحول الرقمي والثورة الصناعية الرابعة، ويطرح أسئلة حول قدرة مفاهيمها وأدواتها على الاستجابة لتحديات الأعمال الجديدة.</p>","<p>يناقش محمد زايري مستقبل مهنة الجودة في بيئة تتغير بفعل التحول الرقمي والثورة الصناعية الرابعة، ويطرح أسئلة حول قدرة مفاهيمها وأدواتها على الاستجابة لتحديات الأعمال الجديدة.</p>","https://cdn.salla.sa/vEbEA/WrgZN1Nhxt4GKOxEXejHqRCH8hpFiRDj9anUiiUj.jpg","إصدارات المجلس السعودي للجودة","المؤلف","محمد زايري","1","0","543","1824017480","https://sqc-store.com/ar/%D9%83%D8%AA%D8%A7%D8%A8-%D9%88%D8%B1%D9%82%D9%8A-%D9%81%D9%8A-%D8%B9%D9%85%D9%82-%D8%A7%D9%84%D8%A3%D8%B2%D9%85%D8%A9-%D8%A7%D9%84%D9%85%D8%B3%D8%AA%D9%82%D8%A8%D9%84-%D8%A7%D9%84%D8%BA%D8%A7%D9%85%D8%B6-%D9%84%D9%85%D9%87%D9%86%D8%A9-%D8%A7%D9%84%D8%AC%D9%88%D8%AF%D8%A9/p1824017480"
"simple","SQC-161403518-P","100 طريقة لقيادة التميز","-1","hidden","0","0","0","<p>يعرض محمد زايري مئة موضوع وسؤال في قيادة التميز، ويربط الأداء المستدام بقدرة المنظمة على التعلم والتكيف وبناء قدراتها في العصر الرقمي.</p>","<p>يعرض محمد زايري مئة موضوع وسؤال في قيادة التميز، ويربط الأداء المستدام بقدرة المنظمة على التعلم والتكيف وبناء قدراتها في العصر الرقمي.</p>","https://cdn.salla.sa/vEbEA/bRcgrQ9UYG5p5i7RH6fNOglv2c3DFmkNItrZbgQR.jpg","إصدارات المجلس السعودي للجودة","المؤلف","محمد زايري","1","0","297","161403518","https://sqc-store.com/ar/%D9%83%D8%AA%D8%A7%D8%A8-%D9%88%D8%B1%D9%82%D9%8A-100-%D8%B7%D8%B1%D9%8A%D9%82%D8%A9-%D9%84%D9%82%D9%8A%D8%A7%D8%AF%D8%A9-%D8%A7%D9%84%D8%AA%D9%85%D9%8A%D8%B2/p161403518"
"simple","SQC-639091500-P","من ثلاثية الجودة إلى رباعية التميز","-1","hidden","0","0","0","<p>يقدم نموذج رباعية التميز لمحمد زايري، انطلاقًا من ثلاثية الجودة لجوران. ويربط النموذج بين القيادة والقدرات المؤسسية والعملاء ومنظومة الأعمال المحيطة بالمنظمة.</p>","<p>يقدم نموذج رباعية التميز لمحمد زايري، انطلاقًا من ثلاثية الجودة لجوران. ويربط النموذج بين القيادة والقدرات المؤسسية والعملاء ومنظومة الأعمال المحيطة بالمنظمة.</p>","https://cdn.salla.sa/vEbEA/6IwHxFvW66M740TQNLPhfqgWvKsVtOUH93rstVQv.jpg","إصدارات المجلس السعودي للجودة","المؤلف","محمد زايري","1","0","287","639091500","https://sqc-store.com/ar/%D9%83%D8%AA%D8%A7%D8%A8-%D9%88%D8%B1%D9%82%D9%8A-%D9%85%D9%86-%D8%AB%D9%84%D8%A7%D8%AB%D9%8A%D8%A9-%D8%A7%D9%84%D8%AC%D9%88%D8%AF%D8%A9-%D8%A5%D9%84%D9%89-%D8%B1%D8%A8%D8%A7%D8%B9%D9%8A%D8%A9-%D8%A7%D9%84%D8%AA%D9%85%D9%8A%D8%B2/p639091500"
"simple","SQC-1365091920-P","بناء القدرات المؤسسية","-1","hidden","0","0","0","<p>يتناول تحديد القدرات التي تحتاجها المنظمة لتنفيذ استراتيجيتها، وكيفية بنائها وتقييمها. ويستعين بمفاهيم وأدوات وتجارب عملية في تطوير القدرات المؤسسية.</p>","<p>يتناول تحديد القدرات التي تحتاجها المنظمة لتنفيذ استراتيجيتها، وكيفية بنائها وتقييمها. ويستعين بمفاهيم وأدوات وتجارب عملية في تطوير القدرات المؤسسية.</p>","https://cdn.salla.sa/vEbEA/lFHraNcHa3pw2WAB3vK7Ql2Io4VkKRcbrKPFCpnL.jpg","إصدارات المجلس السعودي للجودة","المؤلف","محمد زايري","1","0","225","1365091920","https://sqc-store.com/ar/%D9%83%D8%AA%D8%A7%D8%A8-%D9%88%D8%B1%D9%82%D9%8A-%D8%A8%D9%86%D8%A7%D8%A1-%D8%A7%D9%84%D9%82%D8%AF%D8%B1%D8%A7%D8%AA-%D8%A7%D9%84%D9%85%D8%A4%D8%B3%D8%B3%D9%8A%D8%A9/p1365091920"
"simple","SQC-1201482192-P","121 طريقة لتفسير مفهوم التميز المؤسسي","-1","hidden","0","0","0","<p>يعرض مفهوم التميز المؤسسي من خلال مئة وواحد وعشرين سؤالًا وجوابًا. يتناول معاني التميز وتطبيقاته، ومنها الانسجام الداخلي وبناء الشراكات ودور التقييم في تطوير المنظمة.</p>","<p>يعرض مفهوم التميز المؤسسي من خلال مئة وواحد وعشرين سؤالًا وجوابًا. يتناول معاني التميز وتطبيقاته، ومنها الانسجام الداخلي وبناء الشراكات ودور التقييم في تطوير المنظمة.</p>","https://cdn.salla.sa/vEbEA/utb48ZhCDhBGMsCDmu3OspqPTtCZy1F8YYbc5Dwj.jpg","إصدارات المجلس السعودي للجودة","المؤلف","محمد زايري","1","0","","1201482192","https://sqc-store.com/ar/%D9%83%D8%AA%D8%A7%D8%A8-%D9%88%D8%B1%D9%82%D9%8A-121-%D8%B7%D8%B1%D9%8A%D9%82%D8%A9-%D9%84%D8%AA%D9%81%D8%B3%D9%8A%D8%B1-%D9%85%D9%81%D9%87%D9%88%D9%85-%D8%A7%D9%84%D8%AA%D9%85%D9%8A%D8%B2-%D8%A7%D9%84%D9%85%D8%A4%D8%B3%D8%B3%D9%8A/p1201482192"
"simple","SQC-246033341-P","إدارة الجودة من البدايات حتى التميز","-1","hidden","0","0","0","<p>مدخل إلى أسس الجودة والتميز المؤسسي، يجمع المفاهيم الأساسية مع تجارب تطبيقية من قطاعات الأعمال والتعليم والصحة. يقدمه رضوان صالح الجبور للقارئ المهتم بالتأسيس المعرفي وتطوير ممارسته.</p>","<p>مدخل إلى أسس الجودة والتميز المؤسسي، يجمع المفاهيم الأساسية مع تجارب تطبيقية من قطاعات الأعمال والتعليم والصحة. يقدمه رضوان صالح الجبور للقارئ المهتم بالتأسيس المعرفي وتطوير ممارسته.</p>","https://cdn.salla.sa/vEbEA/JwjQCblIpRoQ5F57f9aDQYFpHogwxPsXiht33J49.jpg","إصدارات المجلس السعودي للجودة","المؤلف","رضوان صالح الجبور","1","0","","246033341","https://sqc-store.com/ar/%D9%83%D8%AA%D8%A7%D8%A8-%D9%88%D8%B1%D9%82%D9%8A-%D8%A5%D8%AF%D8%A7%D8%B1%D8%A9-%D8%A7%D9%84%D8%AC%D9%88%D8%AF%D8%A9-%D9%85%D9%86-%D8%A7%D9%84%D8%A8%D8%AF%D8%A7%D9%8A%D8%A7%D8%AA-%D8%AD%D8%AA%D9%89-%D8%A7%D9%84%D8%AA%D9%85%D9%8A%D8%B2/p246033341"
"simple","SQC-576717039-P","الكفاءة الإدارية للمنظمات منهجيات إدارية وتطبيقات عملية","-1","hidden","0","0","0","<p>يتناول الكفاءة الإدارية للمنظمات وتهيئتها قبل مبادرات التطوير والتحول. يعرض أدوات وتطبيقات لتحسين العمليات والموارد البشرية والعناصر التنظيمية ورفع جودة الأداء.</p>","<p>يتناول الكفاءة الإدارية للمنظمات وتهيئتها قبل مبادرات التطوير والتحول. يعرض أدوات وتطبيقات لتحسين العمليات والموارد البشرية والعناصر التنظيمية ورفع جودة الأداء.</p>","https://cdn.salla.sa/vEbEA/dfSqtAZP3rMeoNzCvCSy4qBy2k95Jcg2b6FofSJz.jpg","إصدارات المجلس السعودي للجودة","المؤلف","عبدالله بن جابر الشهري","1","0","260","576717039","https://sqc-store.com/ar/%D9%83%D8%AA%D8%A7%D8%A8-%D9%88%D8%B1%D9%82%D9%8A-%D8%A7%D9%84%D9%83%D9%81%D8%A7%D8%A1%D8%A9-%D8%A7%D9%84%D8%A5%D8%AF%D8%A7%D8%B1%D9%8A%D8%A9-%D9%84%D9%84%D9%85%D9%86%D8%B8%D9%85%D8%A7%D8%AA-%D9%85%D9%86%D9%87%D8%AC%D9%8A%D8%A7%D8%AA-%D8%A5%D8%AF%D8%A7%D8%B1%D9%8A%D8%A9-%D9%88%D8%AA%D8%B7%D8%A8%D9%8A%D9%82%D8%A7%D8%AA-%D8%B9%D9%85%D9%84%D9%8A%D8%A9/p576717039"
"simple","SQC-1629257401-P","تحقيق التميز والإتقان في الحياة الشخصية","-1","hidden","0","0","0","<p>يتناول تطبيق مبادئ الجودة والإتقان في الحياة الشخصية، ويربط القيم الإسلامية بتحسين العادات والأداء. يقدم مدخلًا عمليًا للتقييم الذاتي والتطوير المستمر.</p>","<p>يتناول تطبيق مبادئ الجودة والإتقان في الحياة الشخصية، ويربط القيم الإسلامية بتحسين العادات والأداء. يقدم مدخلًا عمليًا للتقييم الذاتي والتطوير المستمر.</p>","https://cdn.salla.sa/vEbEA/G9Xhpq7LcXRyE0HhSqxRNZSrtC90WpOb759uQEaq.jpg","إصدارات المجلس السعودي للجودة","المؤلف","محمد أحمد عيشوني","1","0","162","1629257401","https://sqc-store.com/ar/%D9%83%D8%AA%D8%A7%D8%A8-%D9%88%D8%B1%D9%82%D9%8A-%D8%AA%D8%AD%D9%82%D9%8A%D9%82-%D8%A7%D9%84%D8%AA%D9%85%D9%8A%D8%B2-%D9%88%D8%A7%D9%84%D8%A5%D8%AA%D9%82%D8%A7%D9%86-%D9%81%D9%8A-%D8%A7%D9%84%D8%AD%D9%8A%D9%80%D9%80%D8%A7%D8%A9-%D8%A7%D9%84%D8%B4%D8%AE%D8%B5%D9%8A%D8%A9/p1629257401"
"simple","SQC-661615575-P","خبراء التميز المؤسسي","-1","hidden","0","0","0","<p>كتاب «خبراء التميز المؤسسي» لمحمد زايري، من إصدارات المجلس السعودي للجودة. النسخة الورقية المعرّفة في صفحة المجلس تقع في 338 صفحة.</p>","<p>كتاب «خبراء التميز المؤسسي» لمحمد زايري، من إصدارات المجلس السعودي للجودة. النسخة الورقية المعرّفة في صفحة المجلس تقع في 338 صفحة.</p>","https://cdn.salla.sa/vEbEA/DPv1ou1D7zECpuwdzKqzPsxnVEVoWYcWKHNlnUab.jpg","إصدارات المجلس السعودي للجودة","المؤلف","محمد زايري","1","0","338","661615575","https://sqc-store.com/ar/%D9%83%D8%AA%D8%A7%D8%A8-%D9%88%D8%B1%D9%82%D9%8A-%D8%AE%D8%A8%D8%B1%D8%A7%D8%A1-%D8%A7%D9%84%D8%AA%D9%85%D9%8A%D8%B2-%D8%A7%D9%84%D9%85%D8%A4%D8%B3%D8%B3%D9%8A/p661615575"
"simple","SQC-1121827933-P","تكاليف الجودة ""مفاهيم - وقياس - وتوجيهات""","-1","hidden","0","0","0","<p>يعرض مفهوم تكاليف الجودة وطرق قياسها وتحليلها. ويتناول تكاليف الوقاية والتقييم والإخفاق وعلاقتها بالهدر وتحسين الأداء ورضا العملاء.</p>","<p>يعرض مفهوم تكاليف الجودة وطرق قياسها وتحليلها. ويتناول تكاليف الوقاية والتقييم والإخفاق وعلاقتها بالهدر وتحسين الأداء ورضا العملاء.</p>","https://cdn.salla.sa/vEbEA/MBMEVPpyr7fBzWCPz5aTI5cGMlNEInrrCxBYi0qK.jpg","إصدارات المجلس السعودي للجودة","المؤلف","عوض سالم الحربي","1","0","118","1121827933","https://sqc-store.com/ar/%D9%83%D8%AA%D8%A7%D8%A8-%D9%88%D8%B1%D9%82%D9%8A-%D8%AA%D9%83%D8%A7%D9%84%D9%8A%D9%81-%D8%A7%D9%84%D8%AC%D9%88%D8%AF%D8%A9-%D9%85%D9%81%D8%A7%D9%87%D9%8A%D9%85-%D9%88%D9%82%D9%8A%D8%A7%D8%B3-%D9%88%D8%AA%D9%88%D8%AC%D9%8A%D9%87%D8%A7%D8%AA/p1121827933"
"simple","SQC-171835359-P","الدليل العملي للتحسين المستمر للعمليات باستخدام الأدوات الأساسية السبع للجودة","-1","hidden","0","0","0","<p>دليل لمحمد أحمد عيشوني في التحسين المستمر للعمليات باستخدام الأدوات الأساسية السبع للجودة. وهو إصدار مستقل عن كتاب الأدوات السبع للإدارة والتخطيط.</p>","<p>دليل لمحمد أحمد عيشوني في التحسين المستمر للعمليات باستخدام الأدوات الأساسية السبع للجودة. وهو إصدار مستقل عن كتاب الأدوات السبع للإدارة والتخطيط.</p>","https://cdn.salla.sa/vEbEA/Ey7mI1LFgjMEjWzRTIFials16q0okMrmXSMyoeLu.jpg","إصدارات المجلس السعودي للجودة","المؤلف","محمد أحمد عيشوني","1","0","","171835359","https://sqc-store.com/ar/%D9%83%D8%AA%D8%A7%D8%A8-%D9%88%D8%B1%D9%82%D9%8A-%D8%A7%D9%84%D8%AF%D9%84%D9%8A%D9%84-%D8%A7%D9%84%D8%B9%D9%85%D9%84%D9%8A-%D9%84%D9%84%D8%AA%D8%AD%D8%B3%D9%8A%D9%86-%D8%A7%D9%84%D9%85%D8%B3%D8%AA%D9%85%D8%B1-%D9%84%D9%84%D8%B9%D9%85%D9%84%D9%8A%D8%A7%D8%AA-%D8%A8%D8%A7%D8%B3%D8%AA%D8%AE%D8%AF%D8%A7%D9%85-%D8%A7%D9%84%D8%A3%D8%AF%D9%88%D8%A7%D8%AA-%D8%A7%D9%84%D8%A3%D8%B3%D8%A7%D8%B3%D9%8A%D8%A9-%D8%A7%D9%84%D8%B3%D8%A8%D8%B9-%D9%84%D9%84%D8%AC%D9%88%D8%AF%D8%A9/p171835359"
"simple","SQC-1484630056-P","DEEP IN CRISIS","-1","hidden","0","0","0","<p>كتاب DEEP IN CRISIS باللغة الإنجليزية لمحمد زايري، معروض ضمن إصدارات المجلس السعودي للجودة. هذه نسخة لغوية مستقلة عن الإصدار العربي «في عمق الأزمة».</p>","<p>كتاب DEEP IN CRISIS باللغة الإنجليزية لمحمد زايري، معروض ضمن إصدارات المجلس السعودي للجودة. هذه نسخة لغوية مستقلة عن الإصدار العربي «في عمق الأزمة».</p>","https://cdn.salla.sa/vEbEA/xTn2R8gUZ4tksDO7nYc9xQaqxl6HcnOZVtvDKAfs.jpg","إصدارات المجلس السعودي للجودة","المؤلف","محمد زايري","1","0","","1484630056","https://sqc-store.com/ar/deep-in-crisis/p1484630056"
"simple","SQC-2061646917-P","سنة أولى ستة سيجما","-1","hidden","0","0","0","<p>كتاب «سنة أولى ستة سيجما» لسعيد الزهراني وأمجد خليفة، من إصدارات المجلس السعودي للجودة، في موضوع منهجية ستة سيجما.</p>","<p>كتاب «سنة أولى ستة سيجما» لسعيد الزهراني وأمجد خليفة، من إصدارات المجلس السعودي للجودة، في موضوع منهجية ستة سيجما.</p>","https://cdn.salla.sa/vEbEA/vpDNg5knkVjqrdxU2h4x6Uyqpnw9DsuQDLCw4Pop.jpg","إصدارات المجلس السعودي للجودة","المؤلف","سعيد الزهراني, أمجد خليفة","1","0","","2061646917","https://sqc-store.com/ar/%D8%B3%D9%86%D8%A9-%D8%A3%D9%88%D9%84%D9%89-%D8%B3%D8%AA%D8%A9-%D8%B3%D9%8A%D8%AC%D9%85%D8%A7/p2061646917"
"simple","SQC-249295753-P","جوائز التميز المؤسسي ""استراتيجيات للفوز بها""","-1","hidden","0","0","0","<p>كتاب «جوائز التميز المؤسسي: استراتيجيات للفوز بها» لسونيل ثواني، ضمن إصدارات المجلس السعودي للجودة، في موضوع جوائز التميز المؤسسي.</p>","<p>كتاب «جوائز التميز المؤسسي: استراتيجيات للفوز بها» لسونيل ثواني، ضمن إصدارات المجلس السعودي للجودة، في موضوع جوائز التميز المؤسسي.</p>","https://cdn.salla.sa/vEbEA/6gCXhpwApH54Jg9lzd0dR2i6MwFjk49fKtU3vFpG.jpg","إصدارات المجلس السعودي للجودة","المؤلف","سونيل ثواني","1","0","","249295753","https://sqc-store.com/ar/%D8%AC%D9%88%D8%A7%D8%A6%D8%B2-%D8%A7%D9%84%D8%AA%D9%85%D9%8A%D8%B2-%D8%A7%D9%84%D9%85%D8%A4%D8%B3%D8%B3%D9%8A-%D8%A7%D8%B3%D8%AA%D8%B1%D8%A7%D8%AA%D9%8A%D8%AC%D9%8A%D8%A7%D8%AA-%D9%84%D9%84%D9%81%D9%88%D8%B2-%D8%A8%D9%87%D8%A7/p249295753"
"simple","SQC-666095328-P","أطلس نظام إدارة الجودة ""ISO 9001:2008""","-1","hidden","0","0","0","<p>أطلس لسعيد الزهراني وأمجد خليفة في نظام إدارة الجودة وفق ISO 9001:2008، ضمن إصدارات المجلس السعودي للجودة. يشير الرقم إلى إصدار المواصفة الذي يتناوله الكتاب.</p>","<p>أطلس لسعيد الزهراني وأمجد خليفة في نظام إدارة الجودة وفق ISO 9001:2008، ضمن إصدارات المجلس السعودي للجودة. يشير الرقم إلى إصدار المواصفة الذي يتناوله الكتاب.</p>","https://cdn.salla.sa/vEbEA/6sOer0VG6SRHmzfwOtdCy4Ehcjw0w0BwcPngH8RS.jpg","إصدارات المجلس السعودي للجودة","المؤلف","سعيد الزهراني, أمجد خليفة","1","0","","666095328","https://sqc-store.com/ar/%D8%A3%D8%B7%D9%84%D8%B3-%D9%86%D8%B8%D8%A7%D9%85-%D8%A5%D8%AF%D8%A7%D8%B1%D8%A9-%D8%A7%D9%84%D8%AC%D9%88%D8%AF%D8%A9-iso-9001-2008/p666095328"
